Timestamp,Channel,Message Text,Message Link
2025-03-15 14:07:07,IDO research,"**Eclipse –∞–Ω–æ–Ω—Å–∏—Ä–æ–≤–∞–ª–∏ –Ω–æ–≤—ã–µ –±—É—Å—Ç—ã

**–í Turbo Tap —Ç–µ–ø–µ—Ä—å —Å–ª—É—á–∞–π–Ω—ã–º –æ–±—Ä–∞–∑–æ–º [–≤–æ–∑–Ω–∞–≥—Ä–∞–∂–¥–∞—é—Ç](https://x.com/EclipseFND/status/1899911235849867680) –º–æ–ª–æ–∫–æ–º –∞–∫—Ç–∏–≤–Ω—ã—Ö –ø–æ–ª—å–∑–æ–≤–∞—Ç–µ–ª–µ–π –≤ —Ç–∞–ø–∞–ª–∫–µ, –∑–∞ –∫–æ—Ç–æ—Ä–æ–µ –º–æ–∂–Ω–æ –∞–∫—Ç–∏–≤–∏—Ä–æ–≤–∞—Ç—å –±—É—Å—Ç—ã.

***Ô∏è‚É£**–ù—É–∂–Ω–æ —Å–æ–±—Ä–∞—Ç—å 8 –µ–¥–∏–Ω–∏—Ü –º–æ–ª–æ–∫–∞, —á—Ç–æ–±—ã –æ—Ç–∫—Ä—ã—Ç—å –æ–¥–∏–Ω –∏–∑ –¥–≤—É—Ö –±—É—Å—Ç–æ–≤:
`‚Ä¢` –£–¥–æ–±—Ä–µ–Ω–∏–µ: —É–≤–µ–ª–∏—á–∏–≤–∞–µ—Ç –∫–æ–ª-–≤–æ —Ç–∞–ø–æ–≤ –≤ 3 —Ä–∞–∑–∞ –Ω–∞ 30 —Å–µ–∫—É–Ω–¥;
`‚Ä¢` –ì–∞–∑–æ–Ω–æ–∫–æ—Å–∏–ª–∫–∞: –∞–≤—Ç–æ–º–∞—Ç–∏—á–µ—Å–∫–∏–µ —Ç–∞–ø—ã –≤ —Ç–µ—á–µ–Ω–∏–µ 120 —Å–µ–∫—É–Ω–¥.

–ú–æ–∂–Ω–æ —Å–æ–±–∏—Ä–∞—Ç—å –º–æ–ª–æ–∫–æ –±—ã—Å—Ç—Ä–µ–µ. –ï—Å–ª–∏ –≤—ã —Å–æ–±–µ—Ä–µ—Ç–µ 100 –º–ª–Ω —Ç–∞–ø–æ–≤ –≤—Å–µ–º–∏ –æ–Ω–ª–∞–π–Ω-–∏–≥—Ä–æ–∫–∞–º–∏, —Ç–æ –∞–∫—Ç–∏–≤–∏—Ä—É–µ—Ç—Å—è Community Pot –¥–ª—è –≤—Å–µ—Ö –ø–æ–ª—å–∑–æ–≤–∞—Ç–µ–ª–µ–π.

–û—á–µ–Ω—å —Å—Ç—Ä–∞–Ω–Ω–æ, —á—Ç–æ —Ç–æ–ª—å–∫–æ —Å–µ–π—á–∞—Å –ø–æ—è–≤–∏–ª–æ—Å—å —ç—Ç–æ –æ–±–Ω–æ–≤–ª–µ–Ω–∏–µ, —Ç.–∫. –∫–æ–º–∞–Ω–¥–∞ –µ—â–µ –≤ —Ñ–µ–≤—Ä–∞–ª–µ –≥–æ–≤–æ—Ä–∏–ª–∞, —á—Ç–æ —Å–æ–≤—Å–µ–º —Å–∫–æ—Ä–æ —Ç–∞–ø–∞–ª–∫–∞ –∑–∞–∫—Ä–æ–µ—Ç—Å—è, –±—ã–ª–∏ —Å–ª—É—Ö–∏, —á—Ç–æ —ç—Ç–æ –ø—Ä–æ–∏–∑–æ–π–¥–µ—Ç —É–∂–µ 13 –º–∞—Ä—Ç–∞, –Ω–æ –≤–∏–¥–∏–º–æ - –≤—Å—ë –ø—Ä–æ–¥–æ–ª–∂–∞–µ—Ç—Å—è.

[**IDO research**](https://t.me/idoresearch) | [**Chat**](https://t.me/IDOresearch_chat) | [**NFD**](https://twitter.com/NFD_tools) | [**Combine - —Å–æ—Ñ—Ç –¥–ª—è –º—É–ª—å—Ç–∏–∞–∫–∫–µ—Ä–æ–≤**](https://nfd.gg/)",https://t.me/c/1216571339/4079
2025-03-13 16:15:27,Tom Capital,"–ö–æ–≥–¥–∞ —ç—Ç–∏ —Ä–µ–±—è—Ç–∞ –¥—Ä—É–∂–Ω–æ —Å—Ç–æ—è–ª–∏ —É–ª—ã–±–∞–ª–∏—Å—å –Ω–∞ —Ü–µ—Ä–µ–º–æ–Ω–∏–∏ –∏–Ω–∞—É–≥—É—Ä–∞—Ü–∏–∏ –¢—Ä–∞–º–ø–∞, –æ–Ω–∏ –ø—Ä–æ—Å—Ç–æ –µ—â—ë –Ω–µ –∑–Ω–∞–ª–∏  –ü–æ—Ç–µ—Ä–∏ –º–∏–ª–ª–∏–∞—Ä–¥–µ—Ä–æ–≤ –ø–æ—Å–ª–µ –∏–Ω–∞—É–≥—É—Ä–∞—Ü–∏–∏ –ø—Ä–µ–∑–∏–¥–µ–Ω—Ç–∞ –°–®–ê  –ú–∞—Å–∫ –º–∏–Ω—É—Å 150 —è—Ä–¥–æ–≤ –∑–∞ 2 –º–µ—Å—è—Ü–∞",https://t.me/c/1408008774/7120
2025-03-12 15:22:14,CapyCrypto,"**–í—ã–∂–∏–º–∫–∞ –∞–∫—Ç–∏–≤–Ω–æ—Å—Ç–µ–π, –Ω–æ–≤–æ—Å—Ç–µ–π –∏ –∞–ø–¥–µ–π—Ç–æ–≤ –∑–∞ –ø–æ—Å–ª–µ–¥–Ω–∏–µ –Ω–µ—Å–∫–æ–ª—å–∫–æ –¥–Ω–µ–π**  üü¶–£—á–∞—Å—Ç–≤—É–µ–º –≤ [**Galxe-–∫–∞–º–ø–∞–Ω–∏–∏**](https://app.galxe.com/quest/nufflelabs/GCpbmt1LU3) –æ—Ç Nuffle ([**13–º–ª–Ω$, backed by Electric Capital**](https://cryptorank.io/ru/ico/nuffle-labs#funding-rounds)) –∏ –∑–∞–±–∏—Ä–∞–µ–º [**NFT**](https://app.galxe.com/quest/nufflelabs/GCpbmt1LU3) —Å –ø–æ—Ç–µ–Ω—Ü–∏–∞–ª–æ–º –Ω–∞ –¥—Ä–æ–ø.  üü¶–í—ã–ø–æ–ª–Ω—è–µ–º –∫–≤–µ—Å—Ç—ã –æ—Ç [**BOB –Ω–∞ Layer3**](https://app.layer3.xyz/launchpad/bob) (–ø—É–ª 750–∫ —Ç–æ–∫–µ–Ω–æ–≤ OP). –ó–∞–¥–∞–Ω–∏—è –ø—Ä–æ—Å—Ç—ã–µ, –ø–æ—ç—Ç–æ–º—É –Ω–µ ",https://t.me/c/1731045293/1453
2025-03-08 16:19:14,Tom Capital,"–ü–ª–æ—Ö–∏–µ –Ω–æ–≤–æ—Å—Ç–∏: –¥–∞–º–ø

–•–æ—Ä–æ—à–∏–µ –Ω–æ–≤–æ—Å—Ç–∏: –¥–∞–º–ø

–ù–µ–π—Ç—Ä–∞–ª—å–Ω—ã–µ –Ω–æ–≤–æ—Å—Ç–∏: –¥–∞–º–ø

–û—â—É—â–µ–Ω–∏–µ, —á—Ç–æ –¥–∞–∂–µ –≤ —Ç–æ–º —Å–ª—É—á–∞–µ, –µ—Å–ª–∏ –±—ã –¢—Ä–∞–º–ø –ø—Ä—è–º–æ –Ω–∞ –∫–æ–Ω—Ñ–µ—Ä–µ–Ω—Ü–∏–∏ –¥–æ—Å—Ç–∞–ª —Ç–µ–ª–µ—Ñ–æ–Ω –∏ –Ω–∞ –∫–∞–º–µ—Ä—É –æ—Ç–∫—Ä—ã–ª –±—ã –ø–∞—Ä—É –ª–æ–Ω–≥–æ–≤ —Å –ø–ª–µ—á–∞–º–∏, —Ä—ã–Ω–æ–∫ –≤—Å—ë —Ä–∞–≤–Ω–æ –æ—Ç—Ä–µ–∞–≥–∏—Ä–æ–≤–∞–ª –±—ã –ø–∞–¥–µ–Ω–∏–µ–º 

–¢—É—à–∏—Ç–µ —Å–≤–µ—Ç",https://t.me/c/1408008774/7062
2025-03-06 22:13:55,–ì–µ—Ä–º–∞–Ω –Ω–∞ –±–ª–æ–∫—á–µ–π–Ω–µ üá™üáπ,"–°–æ–∑–¥–∞–Ω –∑–∞–∫—Ä—ã—Ç—ã–π –∫–ª—É–±, –≥–¥–µ –±—É–¥–µ—Ç –ø—É–±–ª–∏–∫–æ–≤–∞—Ç—å—Å—è –∏–Ω—Å–∞–π–¥–µ—Ä—Å–∫–∞—è –∏–Ω—Ñ–æ—Ä–º–∞—Ü–∏—è –ø–æ —Ä—ã–Ω–∫—É.

–¢–µ–∑–∏—Å–Ω–æ: –≤ –∫–∞–Ω–∞–ª–µ –±—É–¥—É—Ç –Ω–æ–≤–æ—Å—Ç–∏, –∫–æ—Ç–æ—Ä—ã—Ö –Ω–µ—Ç –≤ –æ—Ñ–∏—Ü–∏–∞–ª—å–Ω–æ–º –¥–æ—Å—Ç—É–ø–µ, –æ–±–∑–æ—Ä—ã –º–æ–Ω–µ—Ç, –æ–±—â–µ–Ω–∏–µ —Å –µ–¥–∏–Ω–æ–º—ã—à–ª–µ–Ω–Ω–∏–∫–∞–º–∏ –∏ —é–º–æ—Ä.

–î–æ –∑–∞–≤—Ç—Ä–∞—à–Ω–µ–≥–æ –¥–Ω—è –¥–æ—Å—Ç—É–ø –≤ –∫–∞–Ω–∞–ª –∞–±—Å–æ–ª—é—Ç–Ω–æ –±–µ—Å–ø–ª–∞—Ç–Ω—ã–π. –í—Å–µ, –∫—Ç–æ —É—Å–ø–µ–µ—Ç –ø–æ–¥–ø–∏—Å–∞—Ç—å—Å—è - –æ—Å—Ç–∞–Ω—É—Ç—Å—è –±–µ—Å–ø–ª–∞—Ç–Ω–æ –Ω–∞–≤—Å–µ–≥–¥–∞. –ö—Ç–æ –∑–∞—Ö–æ—á–µ—Ç –ø–æ–¥–ø–∏—Å–∞—Ç—å—Å—è —É–∂–µ –ø–æ—Å–ª–µ 6-–≥–æ –º–∞—Ä—Ç–∞, —Å–º–æ–≥—É—Ç —Å–¥–µ–ª–∞—Ç—å —ç—Ç–æ —Ç–æ–ª—å–∫–æ –ø–ª–∞—Ç–Ω–æ.

–°—Å—ã–ª–∫–∞ –¥–ª—è –≤—Ö–æ–¥–∞ ‚Äî https://t.me/+9f3jUkhLtf0xMmEy

#—Ä–µ–∫–ª–∞–º–∞",https://t.me/c/1293287526/20826
2025-03-04 00:56:57,Tom Capital,"‚ö°Ô∏èTRUMP: TARIFFS ON CANADA, MEXICO TO START TUESDAY  –¢—Ä–∞–º–ø –Ω–µ —Å–¥–µ–ª–∞–ª –Ω–∏–∫–∞–∫–æ–≥–æ –∑–Ω–∞—á–∏–º–æ–≥–æ –∏–Ω–≤–µ—Å—Ç–∏—Ü–∏–æ–Ω–Ω–æ–≥–æ –∑–∞—è–≤–ª–µ–Ω–∏—è, –∑–∞—Ç–æ –æ–ø—è—Ç—å –≤–≤–æ–¥–∏—Ç —Ç–∞—Ä–∏—Ñ—ã   –í–µ—Å—å –≤—á–µ—Ä–∞—à–Ω–∏–π –ø–∞–º–ø –≤ –∫—Ä–∏–ø—Ç–µ –æ—Ç—ã–≥—Ä–∞–Ω –Ω–∞–∑–∞–¥   –£ –º–µ–Ω—è –æ–¥–Ω–æ–≥–æ —É–∂–µ —É—Å—Ç–∞–ª–æ—Å—Ç—å –æ—Ç –¢—Ä–∞–º–ø–∞ –∏ —ç—Ç–∏—Ö –±–µ—Å–∫–æ–Ω–µ—á–Ω—ã—Ö –º–∞–Ω–∏–ø—É–ª—è—Ü–∏–π –Ω–∞ –∫—Ä–∏–ø—Ç–æ—Ä—ã–Ω–∫–µ?",https://t.me/c/1408008774/7021
2025-03-02 18:31:58,Don | Invest Blog,"üü¢ –í —Ä–µ—Ç—Ä–æ –Ω–∞—Å—Ç—Ä–æ–µ–Ω–∏–µ –æ—Ç—Ä–∞–∂–∞–µ—Ç —Ä—ã–Ω–æ–∫, —É –º–Ω–æ–≥–∏—Ö —É–Ω—ã–Ω–∏–µ –∏ –Ω–µ–≥–∞—Ç–∏–≤ –æ—Ç –Ω–µ–æ–ø—Ä–∞–≤–¥–∞–Ω–Ω—ã—Ö –æ–∂–∏–¥–∞–Ω–∏–π –ø–æ—Å–ª–µ–¥–Ω–∏—Ö –¥—Ä–æ–ø–æ–≤. –¢–∞–∫ —á—Ç–æ —Å–µ–π—á–∞—Å –º–æ–∂–Ω–æ –¥–µ–ª–∞—Ç—å?   üü¢[**Hyperlane**](https://t.me/don_invest/3853): —Å Legion —É–±—Ä–∞–ª–∏ –∏–Ω—Ñ—É –æ —Å–µ–π–ª–µ, —Å—É–¥—è –ø–æ –≤—Å–µ–º—É –æ–Ω–∏ –≤—ã–ª–æ–∂–∏–ª–∏ —Ä–∞–Ω—å—à–µ –≤—Ä–µ–º–µ–Ω–∏ –Ω–µ –æ–±–≥–æ–≤–æ—Ä–∏–≤ –≤—Å–µ —É—Å–ª–æ–≤–∏—è. –í–µ—Ä–æ—è—Ç–Ω–æ –µ—â–µ –µ—Å—Ç—å —Å–º—ã—Å–ª –∑–∞—é–∑–∞—Ç—å –º–æ—Å—Ç, —è –Ω–∞–ø—Ä–∏–º–µ—Ä –ø–æ–ª—å–∑—É—é—Å—å [zeroway.io](https://zeroway.io/) —á—Ç–æ–±—ã –æ—Ç–ø—Ä–∞–≤–∏—Ç—å –Ω–µ–º–Ω–æ–≥–æ ETH –º–µ–∂–¥—É EVM —Å–µ—Ç—è–º–∏.   üü¢[**Abstract**](https://www.abs.xyz/): XP —Ä–∞–∑–¥–∞—é—Ç —Ä–∞–Ω–¥–æ–º–Ω–æ, –±–æ–ª—å—à–µ –≤—Å–µ",https://t.me/c/1423540718/4297
2025-02-28 12:02:29,Crypto Fortochka,"#NewsForto 28.02.2025  #Babylon üîò –ü–æ–ª—É—á–∏–ª–æ—Å—å! –†–∞–Ω–µ–µ –º—ã –¥–µ–ª–∞–ª–∏ –∞–∫—Ç–∏–≤–Ω–æ—Å—Ç–∏ –≤ —Ç–µ—Å—Ç–Ω–µ—Ç–µ –∏ —Å—Ç–µ–π–∫–∞–ª–∏ $BTC, –∏ –≤–æ—Ç –Ω–µ–¥–∞–≤–Ω–æ –∫–æ–º–∞–Ω–¥–∞ –¥—Ä–æ–ø–Ω—É–ª–∞ [**—Ä–µ–≥–∏—Å—Ç—Ä–∞—Ü–∏—é –Ω–∞ –¥—Ä–æ–ø**](https://t.me/cryptoforto/2130), –≥–¥–µ —Ç–æ–ª—å–∫–æ —Ö–æ–ª–¥–µ—Ä—ã** NFT Pioneer Pass (–±—ã–ª–∏ —Å–±—Ä–∏—Ç—ã)**, –Ω–æ –∫–æ–º–∞–Ω–¥–∞ –ø–æ–º–µ–Ω—è–ª–∞ –∫—Ä–∏—Ç–µ—Ä–∏–∏, –∏ –∫–∞–∂–¥—ã–π —Ö–æ–ª–¥–µ—Ä **NFT** –º–æ–∂–µ—Ç –ø—Ä–µ—Ç–µ–Ω–¥–æ–≤–∞—Ç—å –Ω–∞ –¥—Ä–æ–ø –±–µ–∑ —Å—Ç–µ–π–∫–∏–Ω–≥–∞. [**–°—Å—ã–ª–∫–∞ –Ω–∞ —Ä–µ–≥–∏—Å—Ç—Ä–∞—Ü–∏—é**](https://airdrop.babylon.foundation/)  #Orochi üîò –≠—Ç–æ –ø—Ä–æ–≤–µ—Ä—è–µ–º–∞—è –∏–Ω—Ñ—Ä–∞—Å—Ç—Ä—É–∫—Ç—É—Ä–∞ –¥–∞–Ω–Ω—ã—Ö. –í—á–µ—Ä–∞ [**—Å–æ–±—Ä–∞–ª–∏**](https://cointelegra",https://t.me/c/1254398467/2141
2025-02-28 11:31:41,"CRYPTON | –ë–∏—Ç–∫–æ–∏–Ω, DeFi, WEB 3","üëá **BTC < $80 000** #–û–±—Å—É–∂–¥–∞–µ–º–æ–µ   –û—Ç–∫—É–ø–∏–ª –¥–Ω–æ 25 —Ñ–µ–≤—Ä–∞–ª—è? –ü–æ–∑–¥—Ä–∞–≤–ª—è—é, –ø–æ–ª—É—á–∞–π –≤—Ç–æ—Ä–æ–µ –≤ –ø–æ–¥–∞—Ä–æ–∫ ü§ù –ê –µ—Å–ª–∏ —Å–µ—Ä—å—ë–∑–Ω–æ, —Ç–æ –∫—Ä–∏–ø—Ç–æ—Ä—ã–Ω–æ–∫ –≤–Ω–æ–≤—å –ø–∞–¥–∞–µ—Ç:  **$BTC**** ~ $80 000, ****$ETH**** ~ $2100, ****$TON**** ~ $3,17**. –ò–∑-–∑–∞ —á–µ–≥–æ —ç—Ç–æ –ø—Ä–æ–∏—Å—Ö–æ–¥–∏—Ç?  –ù–∞ —Ñ–æ–Ω–µ –Ω–µ—Å—Ç–∞–±–∏–ª—å–Ω–æ—Å—Ç–∏ –≤ –º–∏—Ä–æ–≤–æ–π —ç–∫–æ–Ω–æ–º–∏–∫–µ –∏ –ø–æ–ª–∏—Ç–∏–∫–µ, **–∏–Ω–¥–µ–∫—Å S&P500 –∑–∞ –ø–æ—Å–ª–µ–¥–Ω–∏–µ 5 –¥–Ω–µ–π **[**—É–ø–∞–ª**](https://www.tradingview.com/symbols/SPX/)** –Ω–∞ 4%**, —á—Ç–æ –æ—á–µ–Ω—å –º–Ω–æ–≥–æ –¥–ª—è –Ω–µ–≥–æ.   __–ö—Ä–∏–ø—Ç–∞ —Ö–æ–¥–∏—Ç –∑–∞ –∞–º–µ—Ä–∏–∫–∞–Ω—Å–∫–æ–π —Ñ–æ–Ω–¥–æ–π, –ø–æ—ç—Ç–æ–º—É **–º—ã –≤–º–µ—Å—Ç–µ —Å –Ω–µ–π –ø–æ–≥—Ä",https://t.me/c/1307909848/14943
2025-02-27 22:42:54,SWOP TOKY | CRYPTO MEDIA,__–ü–æ–ø–æ–ª–Ω–∏–ª–∏ –ø—É–ª ____$MON____ –≤ –∫—Ä–∞–Ω–µ –∏ —É–≤–µ–ª–∏—á–∏–ª–∏ —Ä–µ—Ñ –Ω–∞–≥—Ä–∞–¥—ã –∑–∞ –¥—Ä—É–∑–µ–π ____@monadtoken_bot__,https://t.me/c/1381331570/4531
2025-02-23 12:05:02,"CRYPTON | –ë–∏—Ç–∫–æ–∏–Ω, DeFi, WEB 3","üòÅ** CZ –Ω–µ —É–º–µ–µ—Ç –ø–æ–ª—å–∑–æ–≤–∞—Ç—å—Å—è DeFi**
#–û–±—Å—É–∂–¥–∞–µ–º–æ–µ 

–≠—Ç–æ–π –Ω–æ—á—å—é CZ —Ä–µ—à–∏–ª –≤–ø–µ—Ä–≤—ã–µ (—Å –µ–≥–æ —Å–ª–æ–≤) –ø–æ–ø—Ä–æ–±–æ–≤–∞—Ç—å –≤–æ—Å–ø–æ–ª—å–∑–æ–≤–∞—Ç—å—Å—è DEX –∏ –ø—É–ª–∞–º –ª–∏–∫–≤–∏–¥–Ω–æ—Å—Ç–∏.

–î–ª—è —ç—Ç–æ–≥–æ –æ–Ω **—Å –ø—É–±–ª–∏—á–Ω–æ–≥–æ –∞–¥—Ä–µ—Å–∞ –Ω–∞ 1 ****$BNB**** –∫—É–ø–∏–ª —Ä–∞–Ω–µ–µ **[**—Å–ª—É—á–∞–π–Ω–æ –∑–∞–ø—É—â–µ–Ω–Ω—ã–π –º–µ–º–∫–æ–∏–Ω**](https://t.me/crypton_off/14833)** ****$TST** –∏ –¥–æ–±–∞–≤–∏–ª –≤ –µ–≥–æ –≤ –ø—É–ª –ª–∏–∫–≤–∏–¥–Ω–æ—Å—Ç–∏ –Ω–∞ Pancake Swap.

__–ü–æ–∑–∂–µ –æ–Ω –Ω–∞–ø–∏—Å–∞–ª, —á—Ç–æ —ç—Ç–æ __[__–±—ã–ª–æ__](https://x.com/cz_binance/status/1893358459350901136)__ –¥–æ—Å—Ç–∞—Ç–æ—á–Ω–æ —Ç—è–∂–µ–ª–æ –∏ –Ω–∞ –≤—Å—ë –ø—Ä–æ –≤—Å—ë —É –Ω–µ–≥–æ __[__—É—à–ª–æ__](https://x.com/cz_binance/status/1893339489944137810)__ –±–æ–ª–µ–µ 30 –º–∏–Ω—É—Ç...__

üí°–ü–æ –∏—Ç–æ–≥—É —Ç–∞–∫–∏–µ **__—Å–ª—É—á–∞–π–Ω—ã–µ –¥–µ–π—Å—Ç–≤–∏—è __–ø—Ä–∏–≤–µ–ª–∏ –∫ –ø–∞–º–ø—É ****$TST** –≤ –º–æ–º–µ–Ω—Ç–µ –Ω–∞ 50%.

–û—Å–Ω–æ–≤–∞—Ç–µ–ª—å –∫—Ä—É–ø–Ω–µ–π—à–µ–π –±–∏—Ä–∂–∏ –Ω–µ —Å–º–æ–≥ —Ä–∞–∑–æ–±—Ä–∞—Ç—å—Å—è –≤ DeFi. –í–µ—Ä–∏–º? üòÜ

üòÅ ‚Äî –¥–∞, üóø ‚Äî –Ω–µ—Ç

[**–ó–∞—Ä–∞–±–∞—Ç—ã–≤–∞–µ–º –≤–º–µ—Å—Ç–µ** ](https://crypton.xyz/news1)| [**–ß–∞—Ç**](https://t.me/+QqdwO76YcwFmZmVi)** **| [**–≠–∫–æ—Å–∏—Å—Ç–µ–º–∞ Crypton**](https://crypton.xyz/news)",https://t.me/c/1307909848/14915
2025-02-22 15:50:00,PROFIT DRIVE,"üö® **#Linea**** –ø–µ—Ä–µ–Ω–æ—Å–∏—Ç ****#airdrop**  –ú—ã –≤—Å–µ [**–æ–∂–∏–¥–∞–ª–∏**](https://t.me/profitcryptonews/1176) TGE –≤ Q1, –Ω–æ Linea [**–≤—ã–ø—É—Å—Ç–∏–ª–∞**](https://x.com/LineaAssoc/status/1892998066115879234) –ø–æ—Å—Ç, –≤ –∫–æ—Ç–æ—Ä–æ–º –æ–±—ä—è–≤–∏–ª–∞ –æ –ø–µ—Ä–µ–Ω–æ—Å–µ –Ω–∞ –Ω–µ–æ–ø—Ä–µ–¥–µ–ª–µ–Ω–Ω—ã–π —Å—Ä–æ–∫ –∏ –ø–æ–¥–µ–ª–∏–ª–∞—Å—å –ø—Ä–∏—á–∏–Ω–∞–º–∏   üê¶‚Äç‚¨õÔ∏è **–û—Å–Ω–æ–≤–Ω—ã–µ –º–æ–º–µ–Ω—Ç—ã:** üîµ–ì–ª–∞–≤–Ω–∞—è —Ü–µ–ª—å –ø—Ä–æ–µ–∫—Ç–∞ - –ø—Ä–µ–¥–æ—Å—Ç–∞–≤–∏—Ç—å –ª—É—á—à–∏–π –ø–æ–ª—å–∑–æ–≤–∞—Ç–µ–ª—å—Å–∫–∏–π –æ–ø—ã—Ç –¥–ª—è —Å–æ–æ–±—â–µ—Å—Ç–≤–∞ Linea üîµ–ö–æ–º–∞–Ω–¥–∞ –∞–∫—Ç–∏–≤–Ω–æ —Å–æ–±–∏—Ä–∞–µ—Ç –æ—Ç–∑—ã–≤—ã —Å–æ–æ–±—â–µ—Å—Ç–≤–∞ –¥–ª—è —É—Å–ø–µ—à–Ω–æ–≥–æ –∑–∞–ø—É—Å–∫–∞ üîµ–ü–µ—Ä–≤–æ–Ω–∞—á–∞–ª—å–Ω–æ –∑–∞–ø—É—Å–∫ –ø–ª–∞–Ω–∏—Ä–æ–≤–∞–ª—Å—è –≤ –ø–µ—Ä–≤–æ–º –∫",https://t.me/c/1763849936/2083
2025-02-22 14:53:41,Tom Capital,"Bloomberg —Å–æ —Å—Å—ã–ª–∫–æ–π –Ω–∞ –∏—Å—Ç–æ—á–Ω–∏–∫ –ø–∏—à–µ—Ç, —á—Ç–æ –°–µ–≤–µ—Ä–Ω–∞—è –ö–æ—Ä–µ—è –Ω–∞ —Å–ª–µ–¥—É—é—â–µ–π –Ω–µ–¥–µ–ª–µ –≥–æ—Ç–æ–≤–∏—Ç—Å—è –æ–±—ä—è–≤–∏—Ç—å –Ω–∞—Ü–∏–æ–Ω–∞–ª—å–Ω—ã–π ETH-—Ä–µ–∑–µ—Ä–≤   –ü–æ –ø—Ä–µ–¥–≤–∞—Ä–∏—Ç–µ–ª—å–Ω–æ–π –æ—Ü–µ–Ω–∫–µ —Ä–µ—á—å –æ ‚âà1.5 —è—Ä–¥–∞—Ö –Ω–∞ –ø–µ—Ä–≤–æ–º —ç—Ç–∞–ø–µ",https://t.me/c/1408008774/6919
2025-02-21 13:17:12,–ì–µ—Ä–º–∞–Ω –Ω–∞ –±–ª–æ–∫—á–µ–π–Ω–µ üá™üáπ,#FLUID –¥–æ–±–∞–≤–∏–ª–∏ –Ω–∞ Binance Alpha,https://t.me/c/1293287526/20744
2025-02-21 01:25:52,Crypto Galaxy ü™ê,"–µ—â–µ –æ–¥–∏–Ω –¥–µ–∫—Å –≥–¥–µ –Ω–∞ –º–æ–Ω–∞–¥–µ —Å—Ç–µ–π–∫–∞—Ç—å –º–æ–∂–Ω–æ - https://x.com/apr_labs —É –ø—Ä–æ–µ–∫—Ç–∞ 10–∫–∫ –∏–Ω–≤–µ—Å—Ç–∞ –æ—Ç —Ç–∏—Ä —Ñ–æ–Ω–¥–æ–≤, —Ç–∞–º –µ—â–µ —Ä–æ–ª–∏ —Ñ–∞—Ä–º–∏–ª–∏, –Ω—É –∏ –ø—Ä–æ—Å—Ç–æ —Å–ª–µ–¥–∏—Ç—å –∑–∞ –ø—Ä–æ–µ–∫—Ç–æ–º –º–± –∑–∞–≤–µ–∑—É—Ç –µ—â–µ –∞–∫—Ç–∏–≤–Ω–æ—Å—Ç–µ–π, –∞ —Ç–∞–∫ –¥–ª—è –º–æ–Ω–∞–¥–∞ –¥–µ–ª–∞–µ–º + —Å–∞–º –ø—Ä–æ–µ–∫—Ç –Ω–∞—Å—ã–ø–∞—Ç—å –º–æ–∂–µ—Ç.  –≤—Ç–æ—Ä–æ–π —Å–µ–∑–æ–Ω —Å—Ç–∞—Ä—Ç–æ–≤–∞–ª –≤ –¥–∞–ø–∫–µ [—Å–∞—Ç–æ—Ä–∏,](https://x.com/satorifinance/status/1892657147600650653?s=46&t=ackTKSoqPIdzVW7VSd2uuQ) 10–∫–∫ –∏–Ω–≤–µ—Å—Ç–∞ –æ—Ç –ø–æ–ª–∏—á–µ–π–Ω, –Ω–∞ –Ω–µ–≥–æ –≤—ã–¥–µ–ª–µ–Ω–æ 5% —Ç–æ–∫–µ–Ω–æ–≤. –∫—Ç–æ –ª—É–¥–∏—Ç –∏ —Ç–æ—Ä–≥–æ–≤–∞—Ç—å –Ω–µ —É–º–µ–µ—Ç —Å–∫–∏–ø.  –≤ —Ñ–µ–Ω—Ç–µ–∑–∏ —Ç–æ–ø –≤ –º–æ–Ω–∞–¥ —Ç–µ—Å—Ç–Ω–µ—Ç–µ —Ç–µ",https://t.me/c/1576457836/2718
2025-02-20 09:41:54,Cointelegraph,[Media message],https://t.me/c/1072723547/58355
2025-02-19 21:36:48,Don | Invest Blog,"**üü¢**** ****#–†–∞–±–æ—á–∏–π–ü–æ—Å—Ç**** **  üü¢[**Monad**](https://twitter.com/blockvisionhq): —Å–µ–≥–æ–¥–Ω—è –≤—ã—Ö–æ–¥–∏—Ç –≤ –ø—É–±–ª–∏—á–Ω—ã–π —Ç–µ—Å—Ç–Ω–µ—Ç, –Ω–∞—á–∞–ª –ø–æ–≥—Ä—É–∂–∞—Ç—å—Å—è –≤ [—ç–∫–æ—Å–∏—Å—Ç–µ–º—É](https://testnet.monadexplorer.com/ecosystem). –ù–∞ –∞–∫—Ç–∏–≤–Ω—ã–µ EVM –∫–æ—à–µ–ª—å–∫–∏ —Ä–∞—Å–∫–∏–¥–∞–ª–∏ —Ç–µ—Å—Ç–æ–≤—ã–µ MON, –ø—Ä–æ–≤–µ—Ä—è–π—Ç–µ —Å–≤–æ–∏ –∫–æ—à–µ–ª—å–∫ –≤ [testnet.monadexplorer](https://testnet.monadexplorer.com/), —Ç–∞–º –∂–µ –≤–Ω–∏–∑—É —Å—Ç—Ä–∞–Ω–∏—Ü—ã –∫–ª–∏–∫–∞–µ–º ""Add Testnet"", –¥–ª—è –¥–æ–±–∞–≤–ª–µ–Ω–∏—è —Ç–µ—Å—Ç–æ–≤–æ–π —Å–µ—Ç–∏.  üü¢[**0GLabs**](https://discord.com/channels/1210423309808963594/1210452688475656263/13",https://t.me/c/1423540718/4268
2025-02-19 14:41:09,Crypto Galaxy ü™ê,—Å–µ–≥–æ–¥–Ω—è –ø–æ–∫–µ—Ä –≤ [**monadverse**](https://discord.gg/monadstarter) –≤ 17:00 –∏ smash karts –≤ [**NotForThinking**](https://discord.gg/notforthinkingofficial) –≤ 21:30  –∞–º–±–∞ –±–ª–æ–∫—á–µ–π–Ω–∞ –º–∏—Ç–æ—Å–∏—Å - [—Å—Å—ã–ª–∫–∞](https://mitosisorg.notion.site/Mitosis-University-Program-Guideline-1978fc796d3380ee9d7addc87175f2fc).,https://t.me/c/1576457836/2713
2025-02-19 11:38:56,"CRYPTON | –ë–∏—Ç–∫–æ–∏–Ω, DeFi, WEB 3",ü§Ø **–ü–û–î–ö–£–ü–ò–õ–ò –ø—Ä–µ–∑–∏–¥–µ–Ω—Ç–∞**[** **](https://sun9-41.userapi.com/impg/sA4A3va8g6uQ0ota1vJy7RZgi0KraATL6U2CLg/sHLw8xrJuAs.jpg?size=684x155&quality=95&sign=c2298f43efa5b0b46bdb92a611cce109&type=album)**–ê—Ä–≥–µ–Ω—Ç–∏–Ω—ã** #–û–±—Å—É–∂–¥–∞–µ–º–æ–µ   [–†–∞—Å—Å–ª–µ–¥–æ–≤–∞–Ω–∏—è](https://www.coindesk.com/business/2025/02/18/libra-token-s-co-creator-bragged-of-sending-money-to-argentine-president-milei-s-sister) –ø–æ –¥–µ–ª—É $LIBRA –ø—Ä–æ–¥–æ–ª–∂–∞—é—Ç—Å—è. –ö —Å–µ–≥–æ–¥–Ω—è—à–Ω–µ–º—É –¥–Ω—é **–æ–±—ä—è–≤–∏–ª –æ —Å–≤–æ—ë–º **[**—É—Ö–æ–¥–µ**](https://x.com/weremeow/status/18916644353,https://t.me/c/1307909848/14892
2025-02-19 04:03:24,–ì–µ—Ä–º–∞–Ω –Ω–∞ –±–ª–æ–∫—á–µ–π–Ω–µ üá™üáπ,[Media message],https://t.me/c/1293287526/20723
